{"ValueSubTotal":1620.93994140625,"Desconto":0.0,"ValueReceived":0.0,"ValueChange":0.0,"ValueTotal":1620.93994140625}